<?xml version="1.0" encoding="UTF-8"?>
<project-private xmlns="http://www.netbeans.org/ns/project-private/1">
    <editor-bookmarks xmlns="http://www.netbeans.org/ns/editor-bookmarks/2" lastBookmarkId="0"/>
    <open-files xmlns="http://www.netbeans.org/ns/projectui-open-files/2">
        <group>
            <file>file:/home/arioch/Documentos/Proyectos_NetBeans/PROG05_Tarea_2021_22_Alumnado/src/tarea05/Pruebas06.java</file>
            <file>file:/home/arioch/Documentos/Proyectos_NetBeans/PROG05_Tarea_2021_22_Alumnado/src/tarea05/ChipBici.java</file>
            <file>file:/home/arioch/Documentos/Proyectos_NetBeans/PROG05_Tarea_2021_22_Alumnado/src/tarea05/Pruebas05.java</file>
            <file>file:/home/arioch/Documentos/Proyectos_NetBeans/PROG05_Tarea_2021_22_Alumnado/src/tarea05/Pruebas04.java</file>
            <file>file:/home/arioch/Documentos/Proyectos_NetBeans/PROG05_Tarea_2021_22_Alumnado/src/tarea05/Pruebas07.java</file>
            <file>file:/home/arioch/Documentos/Proyectos_NetBeans/PROG05_Tarea_2021_22_Alumnado/src/tarea05/Utilidades.java</file>
            <file>file:/home/arioch/Documentos/Proyectos_NetBeans/PROG05_Tarea_2021_22_Alumnado/src/tarea05/Pruebas03.java</file>
        </group>
    </open-files>
</project-private>
