<?xml version="1.0" encoding="UTF-8"?>
<project-private xmlns="http://www.netbeans.org/ns/project-private/1">
    <editor-bookmarks xmlns="http://www.netbeans.org/ns/editor-bookmarks/2" lastBookmarkId="0"/>
    <open-files xmlns="http://www.netbeans.org/ns/projectui-open-files/2">
        <group>
            <file>file:/C:/Users/igo/Dropbox/sincronizado/PRO/NetbeansProject/UD10/ProUnd10/src/pround10/util/UtilBD.java</file>
            <file>file:/C:/Users/igo/Dropbox/sincronizado/PRO/NetbeansProject/UD10/ProUnd10/src/pround10/crud/dao/ArticuloDAO.java</file>
            <file>file:/C:/Users/igo/Dropbox/sincronizado/PRO/NetbeansProject/UD10/ProUnd10/src/pround10/crud/dao/ejemploCRUD.java</file>
            <file>file:/C:/Users/igo/Dropbox/sincronizado/PRO/NetbeansProject/UD10/ProUnd10/src/pround10/conex/Conex.java</file>
            <file>file:/C:/Users/igo/Dropbox/sincronizado/PRO/NetbeansProject/UD10/ProUnd10/src/pround10/clases/Articulo.java</file>
        </group>
    </open-files>
</project-private>
