<?xml version="1.0" encoding="UTF-8"?>
<project-private xmlns="http://www.netbeans.org/ns/project-private/1">
    <editor-bookmarks xmlns="http://www.netbeans.org/ns/editor-bookmarks/2" lastBookmarkId="0"/>
    <open-files xmlns="http://www.netbeans.org/ns/projectui-open-files/2">
        <group>
            <file>file:/C:/Users/Usuario/Dropbox/TrabajoFranGerman/PROG08_Tarea2021_22_Solucion/recursos/listadoAlumnos.txt</file>
            <file>file:/C:/Users/Usuario/Dropbox/TrabajoFranGerman/PROG08_Tarea2021_22_Solucion/recursos/acta.txt</file>
            <file>file:/C:/Users/Usuario/Dropbox/TrabajoFranGerman/PROG08_Tarea2021_22_Solucion/src/Ejercicio1/Ejercicio1.java</file>
        </group>
    </open-files>
</project-private>
