<?xml version="1.0" encoding="UTF-8"?>
<project-private xmlns="http://www.netbeans.org/ns/project-private/1">
    <editor-bookmarks xmlns="http://www.netbeans.org/ns/editor-bookmarks/2" lastBookmarkId="0"/>
    <open-files xmlns="http://www.netbeans.org/ns/projectui-open-files/2">
        <group name="Test">
            <file>file:/C:/Users/Salvador%20Romero/Dropbox/PROG_2018_19/TareaUT08_2018-19_Solucion/src/ejercicios/Ejercicio2ColoresHTML.java</file>
            <file>file:/C:/Users/Salvador%20Romero/Dropbox/PROG_2018_19/TareaUT08_2018-19_Solucion/src/ejercicios/Ejercicio1VaciandoLista.java</file>
        </group>
        <group name="Tarea8_201819"/>
        <group/>
    </open-files>
</project-private>
