<?xml version="1.0" encoding="UTF-8"?>
<project-private xmlns="http://www.netbeans.org/ns/project-private/1">
    <editor-bookmarks xmlns="http://www.netbeans.org/ns/editor-bookmarks/2" lastBookmarkId="0"/>
    <open-files xmlns="http://www.netbeans.org/ns/projectui-open-files/2">
        <group>
            <file>file:/C:/Users/igo/Dropbox/sincronizado/PRO/NetbeansProject/UD8/PRO_Und08/src/pro_und08/flujos/EjemploFileReader.java</file>
            <file>file:/C:/Users/igo/Dropbox/sincronizado/PRO/NetbeansProject/UD8/PRO_Und08/src/pro_und08/flujos/EjemploFileWriter.java</file>
            <file>file:/C:/Users/igo/Dropbox/sincronizado/PRO/NetbeansProject/UD8/PRO_Und08/src/pro_und08/flujos/Token.java</file>
            <file>file:/C:/Users/igo/Dropbox/sincronizado/PRO/NetbeansProject/UD8/PRO_Und08/src/pro_und08/PRO_Und08.java</file>
            <file>file:/C:/Users/igo/Dropbox/sincronizado/PRO/NetbeansProject/UD8/PRO_Und08/src/pro_und08/flujos/CopiaFichero.java</file>
            <file>file:/C:/Users/igo/Dropbox/sincronizado/PRO/NetbeansProject/UD8/PRO_Und08/src/pro_und08/flujos/IOStandard.java</file>
            <file>file:/C:/Users/igo/Dropbox/sincronizado/PRO/NetbeansProject/UD8/PRO_Und08/src/pro_und08/flujos/Codificacion.java</file>
        </group>
    </open-files>
</project-private>
