<?xml version="1.0" encoding="UTF-8"?>
<project-private xmlns="http://www.netbeans.org/ns/project-private/1">
    <editor-bookmarks xmlns="http://www.netbeans.org/ns/editor-bookmarks/2" lastBookmarkId="0"/>
    <open-files xmlns="http://www.netbeans.org/ns/projectui-open-files/2">
        <group name="Solo un proyecto">
            <file>file:/D:/Mis%20Documentos/Dropbox/Educación/CURSO%202017-2018/ED/Examenes/Febrero/soluciones/HuevoSorpresa/src/huevoSorpresa/HuevoSorpresa.java</file>
        </group>
        <group name="Distancia"/>
        <group>
            <file>file:/home/arioch/Documentos/Proyectos_NetBeans/HuevoSorpresa/HuevoSorpresaMonterrosoFloresManuel2122/src/huevoSorpresa/Main.java</file>
            <file>file:/home/arioch/Documentos/Proyectos_NetBeans/HuevoSorpresa/HuevoSorpresaMonterrosoFloresManuel2122/src/huevoSorpresa/HuevoSorpresaMonterrosoFloresManuel2122.java</file>
        </group>
    </open-files>
</project-private>
