<?xml version="1.0" encoding="UTF-8"?>
<project-private xmlns="http://www.netbeans.org/ns/project-private/1">
    <editor-bookmarks xmlns="http://www.netbeans.org/ns/editor-bookmarks/2" lastBookmarkId="0"/>
    <open-files xmlns="http://www.netbeans.org/ns/projectui-open-files/2">
        <group>
            <file>file:/C:/Users/jjber/Documents/NetBeansProjects/PasarInformacion/src/pasarinformacion/Main.java</file>
            <file>file:/C:/Users/jjber/Documents/NetBeansProjects/PasarInformacion/src/pasarinformacion/DialogAltaPersona.java</file>
        </group>
        <group name="PPS21_22"/>
    </open-files>
</project-private>
