<?xml version="1.0" encoding="UTF-8"?>
<project-private xmlns="http://www.netbeans.org/ns/project-private/1">
    <editor-bookmarks xmlns="http://www.netbeans.org/ns/editor-bookmarks/2" lastBookmarkId="0"/>
    <open-files xmlns="http://www.netbeans.org/ns/projectui-open-files/2">
        <group>
            <file>file:/D:/Mis%20Documentos/Dropbox/Educación/CURSO%202017-2018/ProyectosNetBeans/HuevoSorpresa/test/huevoSorpresa/HuevoSorpresaTest.java</file>
        </group>
        <group name="Solo un proyecto">
            <file>file:/D:/Mis%20Documentos/Dropbox/Educación/CURSO%202017-2018/ED/Examenes/Febrero/soluciones/HuevoSorpresa/src/huevoSorpresa/HuevoSorpresa.java</file>
        </group>
        <group name="Distancia"/>
    </open-files>
</project-private>
