<?xml version="1.0" encoding="UTF-8"?>
<project-private xmlns="http://www.netbeans.org/ns/project-private/1">
    <editor-bookmarks xmlns="http://www.netbeans.org/ns/editor-bookmarks/2" lastBookmarkId="0"/>
    <open-files xmlns="http://www.netbeans.org/ns/projectui-open-files/2">
        <group>
            <file>file:/C:/Users/jjber/Documents/NetBeansProjects/PasoInfo/src/pasoinfo/DialogAltaPersona.java</file>
            <file>file:/C:/Users/jjber/Documents/NetBeansProjects/PasoInfo/src/pasoinfo/Main.java</file>
            <file>file:/C:/Users/jjber/Documents/NetBeansProjects/PasoInfo/src/pasoinfo/Persona.java</file>
        </group>
        <group name="PPS21_22">
            <file>file:/home/admin/Desktop/Tarea/Ejemplos%20UD9/PasoInfo/src/pasoinfo/Main.java</file>
        </group>
    </open-files>
</project-private>
