<?xml version="1.0" encoding="UTF-8"?>
<project-private xmlns="http://www.netbeans.org/ns/project-private/1">
    <editor-bookmarks xmlns="http://www.netbeans.org/ns/editor-bookmarks/2" lastBookmarkId="0"/>
    <open-files xmlns="http://www.netbeans.org/ns/projectui-open-files/2">
        <group>
            <file>file:/D:/anabel/ejercicios_resueltos_entornos/ED_Ejemplo_Calculadora_JUNIT/ED_Ejemplo_Calculadora_JUNIT_2_Param_Suite/src/ed_ejemplo_junit/Calculadora.java</file>
            <file>file:/D:/anabel/ejercicios_resueltos_entornos/ED_Ejemplo_Calculadora_JUNIT/ED_Ejemplo_Calculadora_JUNIT_2_Param_Suite/test/ed_ejemplo_junit/CalculadoraTest.java</file>
        </group>
    </open-files>
</project-private>
