<?xml version="1.0" encoding="UTF-8"?>
<project-private xmlns="http://www.netbeans.org/ns/project-private/1">
    <editor-bookmarks xmlns="http://www.netbeans.org/ns/editor-bookmarks/2" lastBookmarkId="0"/>
    <open-files xmlns="http://www.netbeans.org/ns/projectui-open-files/2">
        <group>
            <file>file:/G:/Mi%20unidad/53.-%20IES%20Aguadulce/Programación/Unidad%208/PROG08_Tarea2021_22_Alumnado/src/Ejercicio3/ChipBici.java</file>
            <file>file:/G:/Mi%20unidad/53.-%20IES%20Aguadulce/Programación/Unidad%208/PROG08_Tarea2021_22_Alumnado/src/Ejercicio3/Ejercicio3.java</file>
            <file>file:/G:/Mi%20unidad/53.-%20IES%20Aguadulce/Programación/Unidad%208/PROG08_Tarea2021_22_Alumnado/src/Ejercicio1/Ejercicio1.java</file>
            <file>file:/G:/Mi%20unidad/53.-%20IES%20Aguadulce/Programación/Unidad%208/PROG08_Tarea2021_22_Alumnado/src/Ejercicio3/ChipBiciXML.java</file>
            <file>file:/G:/Mi%20unidad/53.-%20IES%20Aguadulce/Programación/Unidad%208/PROG08_Tarea2021_22_Alumnado/src/Ejercicio2/Ejercicio2.java</file>
            <file>file:/G:/Mi%20unidad/53.-%20IES%20Aguadulce/Programación/Unidad%208/PROG08_Tarea2021_22_Alumnado/src/Ejercicio2/ChipBici.java</file>
            <file>file:/G:/Mi%20unidad/53.-%20IES%20Aguadulce/Programación/Unidad%208/PROG08_Tarea2021_22_Alumnado/src/Ejercicio2/ChipBiciIO.java</file>
            <file>file:/G:/Mi%20unidad/53.-%20IES%20Aguadulce/Programación/Unidad%208/PROG08_Tarea2021_22_Alumnado/src/Ejercicio4/Ejercicio4.java</file>
        </group>
    </open-files>
</project-private>
