<?xml version="1.0" encoding="UTF-8"?>
<project-private xmlns="http://www.netbeans.org/ns/project-private/1">
    <editor-bookmarks xmlns="http://www.netbeans.org/ns/editor-bookmarks/2" lastBookmarkId="0"/>
    <open-files xmlns="http://www.netbeans.org/ns/projectui-open-files/2">
        <group>
            <file>file:/home/arioch/Documentos/Proyectos_NetBeans/PROG06_Tarea2021_22_Alumnado/src/domotica/dispositivos/Dispositivo.java</file>
            <file>file:/home/arioch/Documentos/Proyectos_NetBeans/PROG06_Tarea2021_22_Alumnado/src/pruebas/Prueba02.java</file>
            <file>file:/home/arioch/Documentos/Proyectos_NetBeans/PROG06_Tarea2021_22_Alumnado/src/pruebas/Utilidades.java</file>
            <file>file:/home/arioch/Documentos/Proyectos_NetBeans/PROG06_Tarea2021_22_Alumnado/src/domotica/CasaDomotica.java</file>
            <file>file:/home/arioch/Documentos/Proyectos_NetBeans/PROG06_Tarea2021_22_Alumnado/src/domotica/package-info.java</file>
            <file>file:/home/arioch/Documentos/Proyectos_NetBeans/PROG06_Tarea2021_22_Alumnado/src/pruebas/Prueba04.java</file>
            <file>file:/home/arioch/Documentos/Proyectos_NetBeans/PROG06_Tarea2021_22_Alumnado/src/pruebas/Prueba01.java</file>
            <file>file:/home/arioch/Documentos/Proyectos_NetBeans/PROG06_Tarea2021_22_Alumnado/src/domotica/Domotica.java</file>
            <file>file:/home/arioch/Documentos/Proyectos_NetBeans/PROG06_Tarea2021_22_Alumnado/src/domotica/dispositivos/Cerradura.java</file>
            <file>file:/home/arioch/Documentos/Proyectos_NetBeans/PROG06_Tarea2021_22_Alumnado/src/domotica/dispositivos/Activable.java</file>
            <file>file:/home/arioch/Documentos/Proyectos_NetBeans/PROG06_Tarea2021_22_Alumnado/src/pruebas/package-info.java</file>
            <file>file:/home/arioch/Documentos/Proyectos_NetBeans/PROG06_Tarea2021_22_Alumnado/src/domotica/dispositivos/Bombilla.java</file>
            <file>file:/home/arioch/Documentos/Proyectos_NetBeans/PROG06_Tarea2021_22_Alumnado/src/pruebas/Prueba03.java</file>
            <file>file:/home/arioch/Documentos/Proyectos_NetBeans/PROG06_Tarea2021_22_Alumnado/src/domotica/dispositivos/Regulable.java</file>
        </group>
    </open-files>
</project-private>
