<?xml version="1.0" encoding="UTF-8"?>
<project-private xmlns="http://www.netbeans.org/ns/project-private/1">
    <editor-bookmarks xmlns="http://www.netbeans.org/ns/editor-bookmarks/2" lastBookmarkId="0"/>
    <open-files xmlns="http://www.netbeans.org/ns/projectui-open-files/2">
        <group>
            <file>file:/C:/Users/JJBH/Dropbox/PROG_2020_21/PROG09/Tareas/2021-22/PROG09_Tarea_2021_22_Solucion/src/calculadora/Controlador.java</file>
            <file>file:/C:/Users/JJBH/Dropbox/PROG_2020_21/PROG09/Tareas/2021-22/PROG09_Tarea_2021_22_Solucion/src/calculadora/Calculadora.java</file>
        </group>
    </open-files>
</project-private>
