<?xml version="1.0" encoding="UTF-8"?>
<project-private xmlns="http://www.netbeans.org/ns/project-private/1">
    <editor-bookmarks xmlns="http://www.netbeans.org/ns/editor-bookmarks/2" lastBookmarkId="0"/>
    <open-files xmlns="http://www.netbeans.org/ns/projectui-open-files/2">
        <group>
            <file>file:/C:/Users/Narciso/Dropbox/PROG_2020_21/PROG06/Tareas/2020-2021/PROG_Tarea06_2020_21_Solucion/src/maquina/Batidora.java</file>
            <file>file:/C:/Users/Narciso/Dropbox/PROG_2020_21/PROG06/Tareas/2020-2021/PROG_Tarea06_2020_21_Solucion/src/maquina/CocheElectrico.java</file>
            <file>file:/C:/Users/Narciso/Dropbox/PROG_2020_21/PROG06/Tareas/2020-2021/PROG_Tarea06_2020_21_Solucion/src/maquina/Enchufable.java</file>
            <file>file:/C:/Users/Narciso/Dropbox/PROG_2020_21/PROG06/Tareas/2020-2021/PROG_Tarea06_2020_21_Solucion/src/maquina/Calculadora.java</file>
            <file>file:/C:/Users/Narciso/Dropbox/PROG_2020_21/PROG06/Tareas/2020-2021/PROG_Tarea06_2020_21_Solucion/src/maquina/Desplazable.java</file>
            <file>file:/C:/Users/Narciso/Dropbox/PROG_2020_21/PROG06/Tareas/2020-2021/PROG_Tarea06_2020_21_Solucion/src/maquina/MaquinaElectrica.java</file>
            <file>file:/C:/Users/Narciso/Dropbox/PROG_2020_21/PROG06/Tareas/2020-2021/PROG_Tarea06_2020_21_Solucion/src/maquina/Bicicleta.java</file>
            <file>file:/C:/Users/Narciso/Dropbox/PROG_2020_21/PROG06/Tareas/2020-2021/PROG_Tarea06_2020_21_Solucion/src/maquina/Maquina.java</file>
            <file>file:/C:/Users/Narciso/Dropbox/PROG_2020_21/PROG06/Tareas/2020-2021/PROG_Tarea06_2020_21_Solucion/src/maquina/Coche.java</file>
            <file>file:/C:/Users/Narciso/Dropbox/PROG_2020_21/PROG06/Tareas/2020-2021/PROG_Tarea06_2020_21_Solucion/src/maquina/Fuerza.java</file>
        </group>
    </open-files>
</project-private>
