<?xml version="1.0" encoding="UTF-8"?>
<project-private xmlns="http://www.netbeans.org/ns/project-private/1">
    <editor-bookmarks xmlns="http://www.netbeans.org/ns/editor-bookmarks/2" lastBookmarkId="0"/>
    <open-files xmlns="http://www.netbeans.org/ns/projectui-open-files/2">
        <group name="Examen Junio 2018-2019"/>
        <group>
            <file>file:/D:/Dropbox/PROG_2020_21/Examenes/2021Junio/PROG2020-21_DAW_ExamenJunio_Solucion/src/ejercicio02/Ejercicio02.java</file>
            <file>file:/D:/Dropbox/PROG_2020_21/Examenes/2021Junio/PROG2020-21_DAW_ExamenJunio_Solucion/src/ejercicio03/Libro.java</file>
            <file>file:/D:/Dropbox/PROG_2020_21/Examenes/2021Junio/PROG2020-21_DAW_ExamenJunio_Solucion/src/ejercicio03/AudioLibro.java</file>
            <file>file:/D:/Dropbox/PROG_2020_21/Examenes/2021Junio/PROG2020-21_DAW_ExamenJunio_Solucion/src/ejercicio01/Ejercicio01.java</file>
        </group>
    </open-files>
</project-private>
