<?xml version="1.0" encoding="UTF-8"?>
<project-private xmlns="http://www.netbeans.org/ns/project-private/1">
    <editor-bookmarks xmlns="http://www.netbeans.org/ns/editor-bookmarks/2" lastBookmarkId="0"/>
    <open-files xmlns="http://www.netbeans.org/ns/projectui-open-files/2">
        <group name="Distancia">
            <file>file:/D:/dropbox-diosdadoprofe/Dropbox/PROG_2020_21/PROG04/Tareas/2020-21/Tarea04/src/tarea04/Ejercicio1Mezcla.java</file>
            <file>file:/D:/dropbox-diosdadoprofe/Dropbox/PROG_2020_21/PROG04/Tareas/2020-21/Tarea04/src/tarea04/Ejercicio4Teatro.java</file>
        </group>
        <group>
            <file>file:/D:/Dropbox/PROG_2020_21/PROG04/Tareas/2021-22/PROG04_Tarea_2021-22_Solucion/src/tarea04/Ejercicio4Teatro.java</file>
            <file>file:/D:/Dropbox/PROG_2020_21/PROG04/Tareas/2021-22/PROG04_Tarea_2021-22_Solucion/src/tarea04/Ejercicio1Mezcla.java</file>
            <file>file:/D:/Dropbox/PROG_2020_21/PROG04/Tareas/2021-22/PROG04_Tarea_2021-22_Solucion/src/tarea04/Ejercicio5LoteriaPrimitiva.java</file>
        </group>
    </open-files>
</project-private>
