<?xml version="1.0" encoding="UTF-8"?>
<project-private xmlns="http://www.netbeans.org/ns/project-private/1">
    <editor-bookmarks xmlns="http://www.netbeans.org/ns/editor-bookmarks/2" lastBookmarkId="0"/>
    <open-files xmlns="http://www.netbeans.org/ns/projectui-open-files/2">
        <group/>
        <group name="PPS21_22">
            <file>file:/home/admin/Desktop/Tarea/Ejemplos%20UD9/8_1_ComunicaVentanas/src/comunicaventanas/Persona.java</file>
            <file>file:/home/admin/Desktop/Tarea/Ejemplos%20UD9/8_1_ComunicaVentanas/src/comunicaventanas/PrincipalController.java</file>
            <file>file:/home/admin/Desktop/Tarea/Ejemplos%20UD9/8_1_ComunicaVentanas/src/comunicaventanas/AltaPersonaController.java</file>
            <file>file:/home/admin/Desktop/Tarea/Ejemplos%20UD9/8_1_ComunicaVentanas/src/comunicaventanas/ComunicaVentanas.java</file>
        </group>
    </open-files>
</project-private>
