<?xml version="1.0" encoding="UTF-8"?>
<project-private xmlns="http://www.netbeans.org/ns/project-private/1">
    <open-files xmlns="http://www.netbeans.org/ns/projectui-open-files/2">
        <group>
            <file>file:/C:/Users/alumno/Desktop/PROG2021-22_DAW_ExamenJunio_Alumnado/recursos/adultos.txt</file>
            <file>file:/C:/Users/alumno/Desktop/PROG2021-22_DAW_ExamenJunio_Alumnado/src/ejercicio03/Ejercicio03.java</file>
            <file>file:/C:/Users/alumno/Desktop/PROG2021-22_DAW_ExamenJunio_Alumnado/src/ejercicio03/PentagonoRegular.java</file>
            <file>file:/C:/Users/alumno/Desktop/PROG2021-22_DAW_ExamenJunio_Alumnado/src/ejercicio04/Ejercicio04.java</file>
            <file>file:/C:/Users/alumno/Desktop/PROG2021-22_DAW_ExamenJunio_Alumnado/recursos/jovenicos.txt</file>
            <file>file:/C:/Users/alumno/Desktop/PROG2021-22_DAW_ExamenJunio_Alumnado/src/ejercicio03/Rectangulo.java</file>
            <file>file:/C:/Users/alumno/Desktop/PROG2021-22_DAW_ExamenJunio_Alumnado/src/ejercicio04/Persona.java</file>
        </group>
    </open-files>
</project-private>
