<?xml version="1.0" encoding="UTF-8"?>
<project-private xmlns="http://www.netbeans.org/ns/project-private/1">
    <editor-bookmarks xmlns="http://www.netbeans.org/ns/editor-bookmarks/2" lastBookmarkId="0"/>
    <open-files xmlns="http://www.netbeans.org/ns/projectui-open-files/2">
        <group>
            <file>file:/C:/Users/JJBH/Desktop/JavaFXBorderPaneSimple/src/javafxapplication4/FXMLDocument.fxml</file>
            <file>file:/C:/Users/JJBH/Desktop/JavaFXBorderPaneSimple/src/javafxapplication4/FXMLDocumentController.java</file>
            <file>file:/C:/Users/JJBH/Desktop/JavaFXBorderPaneSimple/src/javafxapplication4/JavaFXApplication4.java</file>
        </group>
        <group name="PPS21_22">
            <file>file:/home/admin/Desktop/Tarea/Ejemplos%20UD9/7_BorderPaneConFXML/src/javafxapplication4/BorderPaneFXML.java</file>
        </group>
    </open-files>
</project-private>
