<?xml version="1.0" encoding="UTF-8"?>
<project-private xmlns="http://www.netbeans.org/ns/project-private/1">
    <editor-bookmarks xmlns="http://www.netbeans.org/ns/editor-bookmarks/2" lastBookmarkId="0"/>
    <open-files xmlns="http://www.netbeans.org/ns/projectui-open-files/2">
        <group>
            <file>file:/C:/Users/JJBH/Desktop/JavaFXEjemplo.1/JavaFXEjemplo/src/javafxejemplo/FXMLDocumentController.java</file>
            <file>file:/C:/Users/JJBH/Desktop/JavaFXEjemplo.1/JavaFXEjemplo/src/javafxejemplo/FXMLDocument.fxml</file>
            <file>file:/C:/Users/JJBH/Desktop/JavaFXEjemplo.1/JavaFXEjemplo/src/javafxejemplo/JavaFXEjemplo.java</file>
        </group>
    </open-files>
</project-private>
