<?xml version="1.0" encoding="UTF-8"?>
<project-private xmlns="http://www.netbeans.org/ns/project-private/1">
    <editor-bookmarks xmlns="http://www.netbeans.org/ns/editor-bookmarks/2" lastBookmarkId="0"/>
    <open-files xmlns="http://www.netbeans.org/ns/projectui-open-files/2">
        <group name="Distancia">
            <file>file:/D:/dropbox-diosdadoprofe/Dropbox/PROG_2020_21/PROG02/Tareas/2020-2021/Tarea2_202021/src/tarea2/Ejercicio02.java</file>
        </group>
        <group/>
    </open-files>
</project-private>
