<?xml version="1.0" encoding="UTF-8"?>
<project-private xmlns="http://www.netbeans.org/ns/project-private/1">
    <editor-bookmarks xmlns="http://www.netbeans.org/ns/editor-bookmarks/2" lastBookmarkId="0"/>
    <open-files xmlns="http://www.netbeans.org/ns/projectui-open-files/2">
        <group>
            <file>file:/D:/Dropbox/PROG_2020_21/PROG03/Tareas/2021-2022/PROG03_Tarea_2021_22_Solucion/src/tarea3/Ejercicio01.java</file>
            <file>file:/D:/Dropbox/PROG_2020_21/PROG03/Tareas/2021-2022/PROG03_Tarea_2021_22_Solucion/src/tarea3/Dado.java</file>
            <file>file:/D:/Dropbox/PROG_2020_21/PROG03/Tareas/2021-2022/PROG03_Tarea_2021_22_Solucion/src/tarea3/Ejercicio02.java</file>
            <file>file:/D:/Dropbox/PROG_2020_21/PROG03/Tareas/2021-2022/PROG03_Tarea_2021_22_Solucion/src/tarea3/Ejercicio03.java</file>
            <file>file:/D:/Dropbox/PROG_2020_21/PROG03/Tareas/2021-2022/PROG03_Tarea_2021_22_Solucion/src/tarea3/CuentaBancaria.java</file>
        </group>
    </open-files>
</project-private>
