<?xml version="1.0" encoding="UTF-8"?>
<project-private xmlns="http://www.netbeans.org/ns/project-private/1">
    <editor-bookmarks xmlns="http://www.netbeans.org/ns/editor-bookmarks/2" lastBookmarkId="0"/>
    <open-files xmlns="http://www.netbeans.org/ns/projectui-open-files/2">
        <group name="ActualizandoUnidad10"/>
        <group>
            <file>file:/D:/Dropbox/PROG_2020_21/PROG10/Tareas/2021-2022/PROG10_Tarea_2021_22_Solucion/UT10_ProyectoBaseH2/UT10_ProyectoBaseH2/src/ejemplo/Aplicacion.java</file>
            <file>file:/D:/Dropbox/PROG_2020_21/PROG10/Tareas/2021-2022/PROG10_Tarea_2021_22_Solucion/UT10_ProyectoBaseH2/UT10_ProyectoBaseH2/src/resources/cargaBD.sql</file>
            <file>file:/D:/Dropbox/PROG_2020_21/PROG10/Tareas/2021-2022/PROG10_Tarea_2021_22_Solucion/UT10_ProyectoBaseH2/UT10_ProyectoBaseH2/src/resources/creaBD.sql</file>
        </group>
    </open-files>
</project-private>
