<?xml version="1.0" encoding="UTF-8"?>
<project-private xmlns="http://www.netbeans.org/ns/project-private/1">
    <editor-bookmarks xmlns="http://www.netbeans.org/ns/editor-bookmarks/2" lastBookmarkId="0"/>
    <open-files xmlns="http://www.netbeans.org/ns/projectui-open-files/2">
        <group>
            <file>file:/C:/Users/Narciso/Dropbox/PROG_2020_21/Examenes/2021Febrero/2021FebreroExamen_Solucion/src/daw/PruebaEjercicio3_ExistenciaDeBombillas.java</file>
            <file>file:/C:/Users/Narciso/Dropbox/PROG_2020_21/Examenes/2021Febrero/2021FebreroExamen_Solucion/src/dam/Ejercicio1_Leer5RealesPositivosEntre100y200.java</file>
            <file>file:/C:/Users/Narciso/Dropbox/PROG_2020_21/Examenes/2021Febrero/2021FebreroExamen_Solucion/src/daw/Ejercicio2_ValidadorNumSerie.java</file>
            <file>file:/C:/Users/Narciso/Dropbox/PROG_2020_21/Examenes/2021Febrero/2021FebreroExamen_Solucion/src/dam/Ejercicio2_ValidadorNumSerie.java</file>
            <file>file:/C:/Users/Narciso/Dropbox/PROG_2020_21/Examenes/2021Febrero/2021FebreroExamen_Solucion/src/daw/Ejercicio1_Leer7NumerosRealesValidos.java</file>
            <file>file:/C:/Users/Narciso/Dropbox/PROG_2020_21/Examenes/2021Febrero/2021FebreroExamen_Solucion/src/daw/ExistenciasDeBombillas.java</file>
            <file>file:/C:/Users/Narciso/Dropbox/PROG_2020_21/Examenes/2021Febrero/2021FebreroExamen_Solucion/src/dam/PruebaEjercicio3_CamionDeReparto.java</file>
        </group>
    </open-files>
</project-private>
